area,prioridad,cantidad
Aplicaciones,alta,65
Aplicaciones,baja,39
Aplicaciones,critica,51
Aplicaciones,media,56
Calidad,alta,63
Calidad,baja,54
Calidad,critica,52
Calidad,media,65
Comercial,alta,87
Comercial,baja,31
Comercial,critica,54
Comercial,media,55
Compras,alta,70
Compras,baja,57
Compras,critica,43
Compras,media,50
Contabilidad,alta,75
Contabilidad,baja,44
Contabilidad,critica,40
Contabilidad,media,55
Infraestructura,alta,62
Infraestructura,baja,57
Infraestructura,critica,47
Infraestructura,media,74
Operaciones,alta,55
Operaciones,baja,39
Operaciones,critica,37
Operaciones,media,68
Talento Humano,alta,56
Talento Humano,baja,52
Talento Humano,critica,35
Talento Humano,media,83
