id,fecha_creacion,fecha_cierre,area,categoria,prioridad,canal,solicitante,asunto,descripcion,estado,reaperturas,motivo
TK-00082,10/05/2026,,sin_area,conectividad,media,mesa de ayuda,usuario072@lafortuna.com.co,La VPN se desconecta cada media hora,,reabierto,1,area vacia
TK-00594,23-Jul-2025,,Comercial,sin_categoria,media,correo,usuario064@lafortuna.com.co,Consulta general,El caso fue reportado por telefono y se registra para trazabilidad.,reabierto,2,categoria vacia
TK-01378,2026-01-15,,Aplicaciones,otros,media,mesa de ayuda,,Requerimiento del area,,abierto,0,solicitante vacio
TK-00919,2026-05-22,2026-06-10,Contabilidad,sin_categoria,critica,mesa de ayuda,usuario130@lafortuna.com.co,Requerimiento del area,,en_proceso,0,categoria vacia
TK-01941,2025-03-03,,Talento Humano,viaticos,alta,formulario,,Como legalizo los viaticos del viaje a la costa,,en_proceso,0,solicitante vacio
TK-01728,31/07/2025,2025-08-23,sin_area,nomina,media,correo,usuario094@lafortuna.com.co,Diferencia en el pago de horas extras,,cerrado,0,area vacia
TK-00909,2026-06-24,,sin_area,red,critica,formulario,usuario157@lafortuna.com.co,La VPN se desconecta cada media hora,El usuario reporta la novedad desde el inicio de la jornada y requiere solucion para continuar con su labor.,reabierto,2,area vacia
TK-01586,23/08/2025,,Compras,hardware,critica,telefono,,El teclado dejo de responder,Se solicita atencion prioritaria porque afecta la operacion del area y el cierre del periodo.,escalado,0,solicitante vacio
TK-00561,26/07/2025,11/08/2025,sin_area,accesos,alta,formulario web,usuario092@lafortuna.com.co,Solicito permiso al modulo de cartera,El usuario reporta la novedad desde el inicio de la jornada y requiere solucion para continuar con su labor.,cerrado,0,area vacia
TK-00167,2025-10-12,,sin_area,hardware,critica,correo,usuario030@lafortuna.com.co,El teclado dejo de responder,El caso fue reportado por telefono y se registra para trazabilidad.,reabierto,2,area vacia
TK-00967,01/01/2025,13-Ene-2025,sin_area,reportes,critica,telefono,usuario101@lafortuna.com.co,El reporte no incluye la sede nueva,Se adjunta captura de pantalla del mensaje de error recibido.,cerrado,0,area vacia
TK-00978,06-Ene-2025,02-Feb-2025,Operaciones,software,alta,correo,,Error al guardar el formulario de ingreso,Se adjunta captura de pantalla del mensaje de error recibido.,cerrado,0,solicitante vacio
TK-00459,08-May-2025,10/05/2025,sin_area,nomina,critica,mesa de ayuda,usuario113@lafortuna.com.co,Error en el descuento de la quincena,Requerimiento remitido por la jefatura del area para gestion.,cerrado,0,area vacia
TK-01695,16/03/2026,,Operaciones,capacitacion,alta,telefono,,Solicito capacitacion en el modulo nuevo,El usuario reporta la novedad desde el inicio de la jornada y requiere solucion para continuar con su labor.,abierto,0,solicitante vacio
TK-01104,2025-04-19,2025-05-12,sin_area,capacitacion,media,correo,usuario048@lafortuna.com.co,Cuando es la proxima induccion,El usuario reporta la novedad desde el inicio de la jornada y requiere solucion para continuar con su labor.,cerrado,0,area vacia
TK-01733,17/03/2026,,sin_area,software,media,telefono,usuario050@lafortuna.com.co,La aplicacion se cierra al generar el informe,El solicitante indica que la novedad se presenta de forma intermitente desde hace tres dias.,reabierto,2,area vacia
TK-00228,13/02/2025,,Compras,nomina,baja,correo,,Diferencia en el pago de horas extras,El solicitante indica que la novedad se presenta de forma intermitente desde hace tres dias.,abierto,0,solicitante vacio
TK-00290,2025-12-20,16/01/2026,Compras,accesos,critica,correo,,Necesito acceso a la carpeta compartida de mi area,Se solicita atencion prioritaria porque afecta la operacion del area y el cierre del periodo.,en_proceso,0,solicitante vacio
TK-00277,13-Mar-2026,17-Abr-2026,Comercial,incidente,critica,formulario web,,Caida total del sistema en la sede principal,El solicitante indica que la novedad se presenta de forma intermitente desde hace tres dias.,cerrado,0,solicitante vacio
TK-01284,19/07/2025,,Talento Humano,sin_categoria,critica,formulario,usuario051@lafortuna.com.co,Pendiente por definir,,en_proceso,0,categoria vacia
TK-00205,08/03/2025,,Comercial,vacaciones,baja,correo,,Me negaron las vacaciones solicitadas,El usuario reporta la novedad desde el inicio de la jornada y requiere solucion para continuar con su labor.,escalado,0,solicitante vacio
TK-01730,06/04/2026,,Contabilidad,sin_categoria,baja,correo,usuario136@lafortuna.com.co,Pendiente por definir,Se adjunta captura de pantalla del mensaje de error recibido.,abierto,0,categoria vacia
TK-00201,2025-08-06,,sin_area,hardware,baja,telefono,usuario068@lafortuna.com.co,El teclado dejo de responder,El solicitante indica que la novedad se presenta de forma intermitente desde hace tres dias.,reabierto,3,area vacia
TK-00771,24-Abr-2026,,Infraestructura,sin_categoria,baja,correo,usuario125@lafortuna.com.co,Consulta general,Se adjunta captura de pantalla del mensaje de error recibido.,abierto,0,categoria vacia
TK-01865,2025-08-27,,sin_area,accesos,critica,telefono,usuario030@lafortuna.com.co,Necesito acceso a la carpeta compartida de mi area,Requerimiento remitido por la jefatura del area para gestion.,escalado,0,area vacia
TK-00355,09-Feb-2025,19-Feb-2025,Calidad,vacaciones,media,mesa de ayuda,,Cuantos dias tengo acumulados,,cerrado,0,solicitante vacio
TK-01842,2025-09-19,,Infraestructura,accesos,baja,mesa de ayuda,,Me retiraron el acceso y aun trabajo en el proceso,El usuario reporta la novedad desde el inicio de la jornada y requiere solucion para continuar con su labor.,escalado,0,solicitante vacio
TK-00941,21/06/2026,11/07/2026,Calidad,viaticos,baja,mesa de ayuda,,No me han reembolsado los gastos del mes pasado,Se solicita atencion prioritaria porque afecta la operacion del area y el cierre del periodo.,cerrado,0,solicitante vacio
TK-00683,09-May-2025,,Calidad,accesos,media,telefono,,No puedo entrar al sistema Centrica,Requerimiento remitido por la jefatura del area para gestion.,reabierto,3,solicitante vacio
TK-01514,16-Mar-2026,,Operaciones,compras,alta,correo,,El proveedor no ha entregado lo solicitado,Se adjunta captura de pantalla del mensaje de error recibido.,abierto,0,solicitante vacio
TK-00969,02-Feb-2026,2026-03-01,Calidad,nomina,baja,telefono,,Error en el descuento de la quincena,El caso fue reportado por telefono y se registra para trazabilidad.,cerrado,1,solicitante vacio
TK-00203,08-Jun-2025,,Infraestructura,sin_categoria,media,formulario,usuario102@lafortuna.com.co,Solicitud varias,El usuario reporta la novedad desde el inicio de la jornada y requiere solucion para continuar con su labor.,abierto,0,categoria vacia
TK-01522,2025-03-01,2025-03-05,Comercial,sin_categoria,baja,formulario,usuario142@lafortuna.com.co,Requerimiento del area,El caso fue reportado por telefono y se registra para trazabilidad.,en_proceso,0,categoria vacia
TK-01211,2025-03-05,,sin_area,vacaciones,media,correo,usuario042@lafortuna.com.co,Con cuanta anticipacion debo solicitar vacaciones,El usuario reporta la novedad desde el inicio de la jornada y requiere solucion para continuar con su labor.,abierto,0,area vacia
TK-00055,2025-01-20,,sin_area,incidente,media,correo,usuario044@lafortuna.com.co,Se cayo el servicio de facturacion,Requerimiento remitido por la jefatura del area para gestion.,abierto,0,area vacia
TK-00637,2025-11-30,,sin_area,hardware,alta,correo,usuario074@lafortuna.com.co,El portatil no enciende desde ayer,El solicitante indica que la novedad se presenta de forma intermitente desde hace tres dias.,reabierto,3,area vacia
TK-00604,25-Abr-2026,2026-05-31,Operaciones,sin_categoria,alta,formulario,usuario054@lafortuna.com.co,Consulta general,,escalado,0,categoria vacia
TK-01370,09/06/2025,2025-07-08,Calidad,gestion_de_accesos,media,correo,,Se bloqueo mi usuario tras varios intentos,Se solicita atencion prioritaria porque afecta la operacion del area y el cierre del periodo.,en_proceso,0,solicitante vacio
TK-01463,2025-10-26,,Operaciones,sin_categoria,critica,formulario,,Pendiente por definir,El solicitante indica que la novedad se presenta de forma intermitente desde hace tres dias.,reabierto,2,solicitante vacio; categoria vacia
TK-00491,09-Feb-2026,,sin_area,hardware,baja,correo,usuario125@lafortuna.com.co,El portatil no enciende desde ayer,,escalado,0,area vacia
TK-01882,07/03/2025,,Comercial,compras,alta,formulario web,,Estado de la orden de compra 4471,El caso fue reportado por telefono y se registra para trazabilidad.,abierto,0,solicitante vacio
TK-01005,24/06/2026,,Calidad,software,media,correo,,Error al guardar el formulario de ingreso,El usuario reporta la novedad desde el inicio de la jornada y requiere solucion para continuar con su labor.,reabierto,2,solicitante vacio
TK-00051,2026-05-29,2026-06-17,Calidad,sin_clasificar,media,formulario web,,Solicitud varias,El solicitante indica que la novedad se presenta de forma intermitente desde hace tres dias.,cerrado,0,solicitante vacio
TK-00539,29-Ene-2025,,Talento Humano,accesos,baja,mesa de ayuda,usuario043@lafortuna.com.co,Solicito permiso al modulo de cartera,Se solicita atencion prioritaria porque afecta la operacion del area y el cierre del periodo.,abierto,0,duplicado
TK-01685,22/11/2025,,Compras,sin_categoria,critica,formulario,usuario097@lafortuna.com.co,Solicitud varias,Se adjunta captura de pantalla del mensaje de error recibido.,reabierto,3,categoria vacia
TK-00456,29/04/2025,,sin_area,software,critica,formulario,usuario062@lafortuna.com.co,La aplicacion se cierra al generar el informe,Se adjunta captura de pantalla del mensaje de error recibido.,reabierto,3,area vacia
TK-01443,20-Mar-2025,,Infraestructura,sin_categoria,media,telefono,usuario063@lafortuna.com.co,Consulta general,Se adjunta captura de pantalla del mensaje de error recibido.,reabierto,1,categoria vacia
TK-01085,2025-02-20,2025-03-11,Infraestructura,sin_categoria,baja,telefono,usuario048@lafortuna.com.co,Solicitud varias,El solicitante indica que la novedad se presenta de forma intermitente desde hace tres dias.,cerrado,0,categoria vacia
TK-01498,2025-06-11,,sin_area,compras,alta,mesa de ayuda,usuario170@lafortuna.com.co,Necesito cotizacion para equipos de la bodega,Se solicita atencion prioritaria porque afecta la operacion del area y el cierre del periodo.,abierto,0,area vacia
TK-01646,15-Ene-2025,,Comercial,viaticos,media,mesa de ayuda,,Necesito anticipo para comision,Se adjunta captura de pantalla del mensaje de error recibido.,reabierto,3,solicitante vacio
TK-01340,19/06/2025,,Aplicaciones,software,baja,correo,,Necesito que instalen el visor de planos,El caso fue reportado por telefono y se registra para trazabilidad.,en_proceso,0,solicitante vacio
TK-00133,29/06/2026,,Comercial,vacaciones,media,correo,usuario067@lafortuna.com.co,Me negaron las vacaciones solicitadas,,escalado,0,duplicado
TK-01778,30/09/2025,,Compras,compras,alta,mesa de ayuda,,Estado de la orden de compra 4471,Se solicita atencion prioritaria porque afecta la operacion del area y el cierre del periodo.,abierto,0,solicitante vacio
TK-00477,10/09/2025,11/10/2025,Talento Humano,compras,critica,mesa de ayuda,,Necesito cotizacion para equipos de la bodega,Se solicita atencion prioritaria porque afecta la operacion del area y el cierre del periodo.,cerrado,1,solicitante vacio
TK-01314,14-May-2025,,Talento Humano,accesos,media,correo,,Necesito acceso a la carpeta compartida de mi area,El solicitante indica que la novedad se presenta de forma intermitente desde hace tres dias.,reabierto,2,solicitante vacio
TK-00096,09-Mar-2026,,sin_area,compras,critica,telefono,usuario175@lafortuna.com.co,El proveedor no ha entregado lo solicitado,Se adjunta captura de pantalla del mensaje de error recibido.,abierto,0,area vacia
TK-01595,2026-04-02,,sin_area,accesos,baja,mesa de ayuda,usuario177@lafortuna.com.co,No puedo entrar al sistema Centrica,El solicitante indica que la novedad se presenta de forma intermitente desde hace tres dias.,reabierto,3,area vacia
TK-00087,2025-02-10,,Calidad,aplicaciones,alta,correo,,Error al guardar el formulario de ingreso,Se solicita atencion prioritaria porque afecta la operacion del area y el cierre del periodo.,en_proceso,0,solicitante vacio
TK-01767,23/12/2025,,Operaciones,accesos,alta,formulario,,Me retiraron el acceso y aun trabajo en el proceso,El usuario reporta la novedad desde el inicio de la jornada y requiere solucion para continuar con su labor.,reabierto,1,solicitante vacio
TK-01269,20/05/2026,,sin_area,accesos,alta,telefono,usuario022@lafortuna.com.co,Me retiraron el acceso y aun trabajo en el proceso,El usuario reporta la novedad desde el inicio de la jornada y requiere solucion para continuar con su labor.,abierto,0,area vacia
TK-01414,2026-03-06,,Talento Humano,accesos,critica,formulario,,No puedo entrar al sistema Centrica,Se solicita atencion prioritaria porque afecta la operacion del area y el cierre del periodo.,reabierto,2,solicitante vacio
TK-00210,2026-02-15,,Aplicaciones,red,critica,mesa de ayuda,usuario162@lafortuna.com.co,Muy lenta la conexion en la bodega,El solicitante indica que la novedad se presenta de forma intermitente desde hace tres dias.,escalado,0,duplicado
TK-00266,27/05/2026,2026-06-12,Comercial,sin_categoria,alta,formulario web,usuario020@lafortuna.com.co,Consulta general,El solicitante indica que la novedad se presenta de forma intermitente desde hace tres dias.,cerrado,0,categoria vacia
TK-00781,2025-12-23,,Calidad,conectividad,alta,mesa de ayuda,usuario065@lafortuna.com.co,Sin internet en el segundo piso,El usuario reporta la novedad desde el inicio de la jornada y requiere solucion para continuar con su labor.,abierto,0,duplicado
TK-01043,09/07/2025,20/08/2025,Calidad,accesos,alta,formulario,,Me retiraron el acceso y aun trabajo en el proceso,El caso fue reportado por telefono y se registra para trazabilidad.,cerrado,0,solicitante vacio
TK-00532,20-Abr-2026,,sin_area,viaticos,baja,mesa de ayuda,usuario079@lafortuna.com.co,Como legalizo los viaticos del viaje a la costa,El solicitante indica que la novedad se presenta de forma intermitente desde hace tres dias.,en_proceso,0,area vacia
TK-00648,09-Mar-2026,31/03/2026,Comercial,gestion_de_accesos,critica,correo,,Solicito permiso al modulo de cartera,Se adjunta captura de pantalla del mensaje de error recibido.,cerrado,0,solicitante vacio
TK-01288,17/07/2025,,sin_area,accesos,alta,telefono,usuario127@lafortuna.com.co,No puedo entrar al sistema Centrica,El usuario reporta la novedad desde el inicio de la jornada y requiere solucion para continuar con su labor.,abierto,0,area vacia
TK-01598,2026-02-15,,Comercial,nomina,baja,formulario web,,No me llego el desprendible de pago,El caso fue reportado por telefono y se registra para trazabilidad.,reabierto,2,solicitante vacio
TK-01533,03/04/2025,,Operaciones,gestion_de_accesos,alta,telefono,,Se bloqueo mi usuario tras varios intentos,Requerimiento remitido por la jefatura del area para gestion.,reabierto,0,solicitante vacio
TK-01771,23-Oct-2025,,Compras,compras,media,mesa de ayuda,usuario019@lafortuna.com.co,Estado de la orden de compra 4471,Requerimiento remitido por la jefatura del area para gestion.,abierto,0,duplicado
TK-00046,27/02/2026,,sin_area,otros,alta,correo,usuario098@lafortuna.com.co,Requerimiento del area,,abierto,0,area vacia
TK-00319,24/10/2025,,sin_area,vacaciones,media,telefono,usuario173@lafortuna.com.co,Cuantos dias tengo acumulados,Se solicita atencion prioritaria porque afecta la operacion del area y el cierre del periodo.,reabierto,3,area vacia
TK-01782,23/01/2026,16/02/2026,Compras,aplicaciones,baja,mesa de ayuda,,Aparece un mensaje de sesion expirada cada cinco minutos,,reabierto,1,solicitante vacio
TK-00918,11-Abr-2026,08-May-2026,sin_area,incidente,media,telefono,usuario062@lafortuna.com.co,Se cayo el servicio de facturacion,Se adjunta captura de pantalla del mensaje de error recibido.,cerrado,0,area vacia
TK-01958,12/01/2025,,Talento Humano,hardware,alta,correo,,El teclado dejo de responder,El solicitante indica que la novedad se presenta de forma intermitente desde hace tres dias.,abierto,0,solicitante vacio
TK-01950,15/02/2025,2025-03-19,Compras,otros,media,telefono,,Requerimiento del area,El usuario reporta la novedad desde el inicio de la jornada y requiere solucion para continuar con su labor.,cerrado,0,solicitante vacio
TK-01930,2025-06-12,2025-07-12,Calidad,gestion_de_accesos,alta,correo,,Se bloqueo mi usuario tras varios intentos,Se solicita atencion prioritaria porque afecta la operacion del area y el cierre del periodo.,cerrado,0,solicitante vacio
TK-01629,19/09/2025,,Aplicaciones,accesos,critica,correo,usuario171@lafortuna.com.co,No puedo entrar al sistema Centrica,El usuario reporta la novedad desde el inicio de la jornada y requiere solucion para continuar con su labor.,reabierto,1,duplicado
TK-01915,03-Dic-2025,16-Ene-2026,Infraestructura,aplicaciones,media,correo,,Aparece un mensaje de sesion expirada cada cinco minutos,Se adjunta captura de pantalla del mensaje de error recibido.,cerrado,0,solicitante vacio
TK-00645,05/05/2026,2026-05-23,Calidad,accesos,media,telefono,,Solicito permiso al modulo de cartera,,cerrado,0,solicitante vacio
TK-00145,10/01/2025,12/02/2025,sin_area,red,critica,correo,usuario010@lafortuna.com.co,No carga el sistema desde la sede sur,El solicitante indica que la novedad se presenta de forma intermitente desde hace tres dias.,cerrado,0,area vacia
TK-00095,06/05/2026,,Comercial,accesos,alta,formulario,,No puedo entrar al sistema Centrica,Se solicita atencion prioritaria porque afecta la operacion del area y el cierre del periodo.,abierto,0,solicitante vacio
TK-00550,18-Sep-2025,,Aplicaciones,red,critica,mesa de ayuda,,La VPN se desconecta cada media hora,El caso fue reportado por telefono y se registra para trazabilidad.,reabierto,2,solicitante vacio
TK-01339,23/12/2025,,Talento Humano,accesos,media,formulario,usuario016@lafortuna.com.co,Se bloqueo mi usuario tras varios intentos,Se solicita atencion prioritaria porque afecta la operacion del area y el cierre del periodo.,abierto,0,duplicado
TK-00584,2025-05-04,,Operaciones,accesos,media,correo,,Solicito permiso al modulo de cartera,Requerimiento remitido por la jefatura del area para gestion.,abierto,0,solicitante vacio
TK-00286,07-Nov-2025,,Infraestructura,nomina,critica,mesa de ayuda,,Error en el descuento de la quincena,El solicitante indica que la novedad se presenta de forma intermitente desde hace tres dias.,reabierto,1,solicitante vacio
TK-00142,08-Mar-2025,,Aplicaciones,aplicaciones,baja,telefono,,La version instalada no coincide con la del area,Requerimiento remitido por la jefatura del area para gestion.,en_proceso,0,solicitante vacio
TK-00582,28-Feb-2025,,sin_area,hardware,alta,correo,usuario136@lafortuna.com.co,El portatil no enciende desde ayer,,escalado,0,area vacia
TK-01196,08/02/2025,,Infraestructura,sin_categoria,critica,telefono,usuario056@lafortuna.com.co,Requerimiento del area,Requerimiento remitido por la jefatura del area para gestion.,en_proceso,0,categoria vacia
TK-01494,14-Abr-2025,2025-04-14,Operaciones,software,critica,correo,,Necesito que instalen el visor de planos,Requerimiento remitido por la jefatura del area para gestion.,cerrado,0,solicitante vacio
TK-00939,27-Ene-2026,2026-01-31,sin_area,otros,baja,correo,usuario162@lafortuna.com.co,Consulta general,El solicitante indica que la novedad se presenta de forma intermitente desde hace tres dias.,cerrado,0,area vacia
TK-00328,20-Feb-2026,27/03/2026,Infraestructura,sin_categoria,media,mesa de ayuda,usuario061@lafortuna.com.co,Pendiente por definir,Se adjunta captura de pantalla del mensaje de error recibido.,cerrado,0,categoria vacia
TK-01460,28/05/2026,07-Jul-2026,Aplicaciones,sin_categoria,critica,telefono,usuario096@lafortuna.com.co,Requerimiento del area,,cerrado,0,categoria vacia
TK-00720,03/11/2025,2025-12-06,Infraestructura,sin_categoria,media,formulario web,usuario033@lafortuna.com.co,Requerimiento del area,El usuario reporta la novedad desde el inicio de la jornada y requiere solucion para continuar con su labor.,cerrado,0,categoria vacia
TK-01677,19-Jun-2025,07/07/2025,Compras,reportes,media,correo,,Necesito el reporte de ventas del trimestre,El caso fue reportado por telefono y se registra para trazabilidad.,cerrado,0,solicitante vacio
TK-01941,2025-03-03,,Talento Humano,viaticos,alta,formulario,,Como legalizo los viaticos del viaje a la costa,,en_proceso,0,solicitante vacio; duplicado
TK-01769,2026-06-26,2026-07-27,sin_area,compras,baja,formulario web,usuario078@lafortuna.com.co,El proveedor no ha entregado lo solicitado,,cerrado,0,area vacia
TK-00313,26-Abr-2025,,Calidad,compras,baja,correo,,El proveedor no ha entregado lo solicitado,Se solicita atencion prioritaria porque afecta la operacion del area y el cierre del periodo.,en_proceso,0,solicitante vacio
TK-00986,25/05/2025,,Operaciones,accesos,critica,formulario web,,Se bloqueo mi usuario tras varios intentos,Se adjunta captura de pantalla del mensaje de error recibido.,en_proceso,0,solicitante vacio
TK-01752,30/05/2026,,sin_area,incidente,baja,formulario,usuario057@lafortuna.com.co,Perdida de informacion en el modulo de inventario,,reabierto,3,area vacia
TK-00889,2026-02-24,,Contabilidad,sin_categoria,baja,formulario web,usuario100@lafortuna.com.co,Requerimiento del area,Se adjunta captura de pantalla del mensaje de error recibido.,abierto,0,categoria vacia
TK-00174,2025-03-22,,Comercial,sin_categoria,media,correo,usuario015@lafortuna.com.co,Requerimiento del area,El caso fue reportado por telefono y se registra para trazabilidad.,escalado,0,categoria vacia
TK-01336,2026-04-19,,Comercial,aplicaciones,critica,correo,usuario180@lafortuna.com.co,Aparece un mensaje de sesion expirada cada cinco minutos,,abierto,0,duplicado
TK-00177,11/01/2025,30-Ene-2025,Contabilidad,sin_categoria,baja,mesa de ayuda,usuario129@lafortuna.com.co,Solicitud varias,Se solicita atencion prioritaria porque afecta la operacion del area y el cierre del periodo.,cerrado,0,categoria vacia
TK-01719,2026-04-21,10/05/2026,Compras,software,alta,correo,,Necesito que instalen el visor de planos,Se adjunta captura de pantalla del mensaje de error recibido.,cerrado,0,solicitante vacio
TK-00966,29/05/2025,03-Jun-2025,Compras,nomina,media,telefono,,No me llego el desprendible de pago,Se adjunta captura de pantalla del mensaje de error recibido.,cerrado,0,solicitante vacio
TK-01254,06/08/2025,2025-08-28,Comercial,reportes,baja,telefono,,El reporte no incluye la sede nueva,Se solicita atencion prioritaria porque afecta la operacion del area y el cierre del periodo.,cerrado,0,solicitante vacio
TK-01322,08/03/2025,,sin_area,capacitacion,baja,formulario,usuario063@lafortuna.com.co,Necesito material del curso de la semana pasada,,reabierto,3,area vacia
TK-00261,20-Sep-2025,,Operaciones,software,media,mesa de ayuda,,Aparece un mensaje de sesion expirada cada cinco minutos,Se solicita atencion prioritaria porque afecta la operacion del area y el cierre del periodo.,en_proceso,0,solicitante vacio
TK-00670,19/04/2025,,Compras,viaticos,critica,mesa de ayuda,,Necesito anticipo para comision,El caso fue reportado por telefono y se registra para trazabilidad.,abierto,0,solicitante vacio
TK-01301,23-Abr-2026,14/05/2026,Contabilidad,incidente,media,telefono,,Perdida de informacion en el modulo de inventario,El usuario reporta la novedad desde el inicio de la jornada y requiere solucion para continuar con su labor.,cerrado,0,solicitante vacio
TK-01076,08-Jun-2025,,sin_area,red,alta,telefono,usuario084@lafortuna.com.co,No carga el sistema desde la sede sur,El caso fue reportado por telefono y se registra para trazabilidad.,abierto,0,area vacia
TK-01453,06/10/2025,,Aplicaciones,capacitacion,media,mesa de ayuda,,Solicito capacitacion en el modulo nuevo,El caso fue reportado por telefono y se registra para trazabilidad.,abierto,0,solicitante vacio
TK-01531,30-Jun-2026,2026-08-12,Comercial,nomina,baja,mesa de ayuda,usuario141@lafortuna.com.co,No me llego el desprendible de pago,El usuario reporta la novedad desde el inicio de la jornada y requiere solucion para continuar con su labor.,cerrado,0,duplicado
TK-00345,29/08/2025,,Operaciones,software,baja,formulario,,Necesito que instalen el visor de planos,El usuario reporta la novedad desde el inicio de la jornada y requiere solucion para continuar con su labor.,reabierto,3,solicitante vacio
TK-00715,06/02/2025,,Infraestructura,hardware,critica,correo,,El teclado dejo de responder,Se solicita atencion prioritaria porque afecta la operacion del area y el cierre del periodo.,reabierto,1,solicitante vacio
TK-00982,24/01/2026,,Aplicaciones,capacitacion,alta,correo,usuario150@lafortuna.com.co,Necesito material del curso de la semana pasada,El usuario reporta la novedad desde el inicio de la jornada y requiere solucion para continuar con su labor.,reabierto,1,duplicado
TK-01421,2026-02-08,,Aplicaciones,sin_categoria,baja,correo,usuario165@lafortuna.com.co,Pendiente por definir,Se adjunta captura de pantalla del mensaje de error recibido.,abierto,0,categoria vacia
TK-00039,31-May-2026,,Aplicaciones,otros,alta,telefono,usuario158@lafortuna.com.co,Solicitud varias,Se adjunta captura de pantalla del mensaje de error recibido.,en_proceso,0,duplicado
TK-01450,2026-02-07,,sin_area,incidente,baja,formulario web,usuario012@lafortuna.com.co,Los usuarios reportan lentitud generalizada,El solicitante indica que la novedad se presenta de forma intermitente desde hace tres dias.,reabierto,2,area vacia
TK-01826,22-Feb-2025,,sin_area,conectividad,media,correo,usuario135@lafortuna.com.co,Muy lenta la conexion en la bodega,Se solicita atencion prioritaria porque afecta la operacion del area y el cierre del periodo.,escalado,0,area vacia
TK-00264,24-May-2026,,Contabilidad,reportes,alta,telefono,,Solicito exportar el listado a Excel,Se adjunta captura de pantalla del mensaje de error recibido.,escalado,0,solicitante vacio
TK-01383,19/04/2026,,sin_area,hardware,critica,correo,usuario042@lafortuna.com.co,El teclado dejo de responder,El usuario reporta la novedad desde el inicio de la jornada y requiere solucion para continuar con su labor.,en_proceso,0,area vacia
TK-00326,01/03/2025,,Comercial,nomina,alta,correo,,Diferencia en el pago de horas extras,El caso fue reportado por telefono y se registra para trazabilidad.,abierto,0,solicitante vacio
TK-00481,2025-05-24,,Calidad,sin_categoria,media,formulario,usuario030@lafortuna.com.co,Consulta general,,escalado,0,categoria vacia
TK-00907,25-Feb-2025,,Calidad,red,media,correo,usuario068@lafortuna.com.co,Sin internet en el segundo piso,El usuario reporta la novedad desde el inicio de la jornada y requiere solucion para continuar con su labor.,reabierto,3,duplicado
TK-00992,11/03/2025,2025-04-17,Compras,compras,alta,formulario,,El proveedor no ha entregado lo solicitado,El usuario reporta la novedad desde el inicio de la jornada y requiere solucion para continuar con su labor.,cerrado,0,solicitante vacio
TK-01811,12-Ene-2026,,Calidad,aplicaciones,critica,telefono,,Necesito que instalen el visor de planos,Se solicita atencion prioritaria porque afecta la operacion del area y el cierre del periodo.,reabierto,2,solicitante vacio
TK-01939,01/03/2026,2026-03-19,Talento Humano,sin_categoria,media,correo,usuario110@lafortuna.com.co,Consulta general,Se adjunta captura de pantalla del mensaje de error recibido.,cerrado,0,categoria vacia
TK-01883,29/11/2025,,Contabilidad,aplicaciones,alta,formulario,,La aplicacion se cierra al generar el informe,Se solicita atencion prioritaria porque afecta la operacion del area y el cierre del periodo.,abierto,0,solicitante vacio
TK-00581,07/07/2025,,Talento Humano,nomina,media,correo,usuario019@lafortuna.com.co,Diferencia en el pago de horas extras,El caso fue reportado por telefono y se registra para trazabilidad.,en_proceso,0,duplicado
TK-01574,01-Feb-2026,2026-02-07,Comercial,nomina,alta,formulario web,usuario068@lafortuna.com.co,Error en el descuento de la quincena,Se solicita atencion prioritaria porque afecta la operacion del area y el cierre del periodo.,cerrado,0,duplicado
TK-01291,2025-01-13,,Calidad,red,baja,correo,,No carga el sistema desde la sede sur,Requerimiento remitido por la jefatura del area para gestion.,en_proceso,0,solicitante vacio
TK-01225,2025-01-22,,Aplicaciones,capacitacion,alta,mesa de ayuda,,Solicito capacitacion en el modulo nuevo,Requerimiento remitido por la jefatura del area para gestion.,abierto,0,solicitante vacio
TK-00261,20-Sep-2025,,Operaciones,software,media,mesa de ayuda,,Aparece un mensaje de sesion expirada cada cinco minutos,Se solicita atencion prioritaria porque afecta la operacion del area y el cierre del periodo.,en_proceso,0,solicitante vacio; duplicado
TK-01155,21-May-2026,,Contabilidad,capacitacion,media,telefono,,Solicito capacitacion en el modulo nuevo,Se solicita atencion prioritaria porque afecta la operacion del area y el cierre del periodo.,abierto,0,solicitante vacio
TK-00971,08-Feb-2026,,sin_area,gestion_de_accesos,critica,telefono,usuario093@lafortuna.com.co,Solicito permiso al modulo de cartera,Se solicita atencion prioritaria porque afecta la operacion del area y el cierre del periodo.,abierto,0,area vacia
TK-00233,08/06/2026,,sin_area,software,media,formulario web,usuario125@lafortuna.com.co,La aplicacion se cierra al generar el informe,El solicitante indica que la novedad se presenta de forma intermitente desde hace tres dias.,reabierto,2,area vacia
TK-00186,09-Jun-2025,,Aplicaciones,aplicaciones,alta,mesa de ayuda,usuario016@lafortuna.com.co,Necesito que instalen el visor de planos,El caso fue reportado por telefono y se registra para trazabilidad.,abierto,0,duplicado
TK-01138,04-Jun-2025,,Contabilidad,compras,alta,mesa de ayuda,,Necesito cotizacion para equipos de la bodega,Se solicita atencion prioritaria porque afecta la operacion del area y el cierre del periodo.,en_proceso,0,solicitante vacio
TK-01877,23-Sep-2025,10/10/2025,Compras,otros,alta,telefono,,Requerimiento del area,Se solicita atencion prioritaria porque afecta la operacion del area y el cierre del periodo.,cerrado,0,solicitante vacio
TK-00590,02-Ene-2026,,Calidad,incidente,media,telefono,,Caida total del sistema en la sede principal,El caso fue reportado por telefono y se registra para trazabilidad.,reabierto,3,solicitante vacio
TK-01402,02-Ene-2025,,Infraestructura,sin_categoria,media,telefono,usuario152@lafortuna.com.co,Solicitud varias,El caso fue reportado por telefono y se registra para trazabilidad.,reabierto,3,categoria vacia
TK-01320,01/02/2026,,Comercial,vacaciones,media,mesa de ayuda,,Con cuanta anticipacion debo solicitar vacaciones,Requerimiento remitido por la jefatura del area para gestion.,en_proceso,0,solicitante vacio
TK-00281,2026-06-14,27/07/2026,Operaciones,hardware,media,telefono,,El teclado dejo de responder,El solicitante indica que la novedad se presenta de forma intermitente desde hace tres dias.,reabierto,3,solicitante vacio
TK-01701,2025-02-13,2025-02-15,Operaciones,hardware,media,correo,,Solicito reposicion de diadema danada,El usuario reporta la novedad desde el inicio de la jornada y requiere solucion para continuar con su labor.,escalado,0,solicitante vacio
TK-00108,2025-11-24,2025-12-13,Talento Humano,nomina,media,correo,,Solicito certificado laboral con salario,El usuario reporta la novedad desde el inicio de la jornada y requiere solucion para continuar con su labor.,cerrado,0,solicitante vacio
TK-00574,17-May-2026,,Infraestructura,nomina,alta,formulario web,usuario140@lafortuna.com.co,Error en el descuento de la quincena,Se solicita atencion prioritaria porque afecta la operacion del area y el cierre del periodo.,en_proceso,0,duplicado
TK-01505,2025-01-31,,Talento Humano,hardware,alta,formulario web,,El teclado dejo de responder,El solicitante indica que la novedad se presenta de forma intermitente desde hace tres dias.,reabierto,2,solicitante vacio
TK-01070,10-Feb-2026,,Compras,reportes,critica,telefono,,Solicito exportar el listado a Excel,Se solicita atencion prioritaria porque afecta la operacion del area y el cierre del periodo.,abierto,0,solicitante vacio
TK-01266,14-Dic-2025,,Operaciones,sin_categoria,alta,mesa de ayuda,usuario143@lafortuna.com.co,Consulta general,,en_proceso,0,categoria vacia
TK-01385,2025-04-09,2025-04-11,Calidad,capacitacion,alta,formulario,,Necesito material del curso de la semana pasada,Requerimiento remitido por la jefatura del area para gestion.,cerrado,0,solicitante vacio
TK-01691,2025-10-24,,sin_area,aplicaciones,alta,correo,usuario069@lafortuna.com.co,Necesito que instalen el visor de planos,El caso fue reportado por telefono y se registra para trazabilidad.,reabierto,3,area vacia
TK-00628,08/08/2025,,Infraestructura,incidente,critica,formulario web,,Perdida de informacion en el modulo de inventario,El usuario reporta la novedad desde el inicio de la jornada y requiere solucion para continuar con su labor.,escalado,0,solicitante vacio
TK-01949,2026-06-07,2026-07-08,sin_area,aplicaciones,alta,telefono,usuario109@lafortuna.com.co,Aparece un mensaje de sesion expirada cada cinco minutos,El solicitante indica que la novedad se presenta de forma intermitente desde hace tres dias.,cerrado,0,area vacia
TK-01347,17/09/2025,2025-10-28,Aplicaciones,sin_categoria,alta,formulario web,usuario110@lafortuna.com.co,Pendiente por definir,Se adjunta captura de pantalla del mensaje de error recibido.,cerrado,1,categoria vacia
TK-00065,12-May-2026,,sin_area,conectividad,critica,telefono,,Sin internet en el segundo piso,,abierto,0,solicitante vacio; area vacia
TK-01395,03-Jul-2025,2025-08-05,Calidad,accesos,alta,correo,,Me retiraron el acceso y aun trabajo en el proceso,El usuario reporta la novedad desde el inicio de la jornada y requiere solucion para continuar con su labor.,cerrado,0,solicitante vacio
TK-01736,16-Ene-2025,,sin_area,red,baja,mesa de ayuda,usuario070@lafortuna.com.co,Sin internet en el segundo piso,El solicitante indica que la novedad se presenta de forma intermitente desde hace tres dias.,reabierto,2,area vacia
TK-00047,13/11/2025,,Compras,software,alta,telefono,,La version instalada no coincide con la del area,El solicitante indica que la novedad se presenta de forma intermitente desde hace tres dias.,en_proceso,0,solicitante vacio
TK-00110,04-May-2026,,Compras,aplicaciones,alta,formulario,,La version instalada no coincide con la del area,Se solicita atencion prioritaria porque afecta la operacion del area y el cierre del periodo.,abierto,0,solicitante vacio
TK-00692,02/06/2026,,Infraestructura,aplicaciones,baja,mesa de ayuda,usuario073@lafortuna.com.co,Necesito que instalen el visor de planos,El caso fue reportado por telefono y se registra para trazabilidad.,abierto,0,duplicado
TK-00258,2025-03-11,,Compras,reportes,critica,formulario,,Solicito exportar el listado a Excel,El solicitante indica que la novedad se presenta de forma intermitente desde hace tres dias.,abierto,0,solicitante vacio
TK-01374,2025-01-30,,Talento Humano,software,alta,correo,,La aplicacion se cierra al generar el informe,Requerimiento remitido por la jefatura del area para gestion.,abierto,0,solicitante vacio
TK-01493,18-Mar-2025,,Infraestructura,conectividad,media,correo,usuario013@lafortuna.com.co,Muy lenta la conexion en la bodega,El solicitante indica que la novedad se presenta de forma intermitente desde hace tres dias.,en_proceso,0,duplicado
TK-00036,2026-01-11,,sin_area,accesos,critica,correo,usuario002@lafortuna.com.co,Me retiraron el acceso y aun trabajo en el proceso,El caso fue reportado por telefono y se registra para trazabilidad.,escalado,0,area vacia
TK-00195,11-Sep-2025,22-Oct-2025,Contabilidad,gestion_de_accesos,alta,mesa de ayuda,,Necesito acceso a la carpeta compartida de mi area,El solicitante indica que la novedad se presenta de forma intermitente desde hace tres dias.,cerrado,0,solicitante vacio
TK-00506,2026-01-21,23/02/2026,Comercial,software,media,formulario web,,La aplicacion se cierra al generar el informe,,cerrado,0,solicitante vacio
TK-00682,07-Nov-2025,2025-11-12,Calidad,otros,critica,mesa de ayuda,usuario170@lafortuna.com.co,Requerimiento del area,Se adjunta captura de pantalla del mensaje de error recibido.,cerrado,0,duplicado
TK-01785,24-Jul-2025,,Contabilidad,otros,alta,mesa de ayuda,usuario154@lafortuna.com.co,Requerimiento del area,El usuario reporta la novedad desde el inicio de la jornada y requiere solucion para continuar con su labor.,reabierto,3,duplicado
TK-01775,31/01/2026,,sin_area,conectividad,critica,correo,usuario111@lafortuna.com.co,No carga el sistema desde la sede sur,El usuario reporta la novedad desde el inicio de la jornada y requiere solucion para continuar con su labor.,abierto,0,area vacia
TK-00053,2025-09-23,,Calidad,software,critica,telefono,,La aplicacion se cierra al generar el informe,Se adjunta captura de pantalla del mensaje de error recibido.,escalado,0,solicitante vacio
TK-01335,09/07/2025,,Infraestructura,software,alta,formulario,,La version instalada no coincide con la del area,Se solicita atencion prioritaria porque afecta la operacion del area y el cierre del periodo.,reabierto,2,solicitante vacio
TK-00003,2026-04-14,,Operaciones,accesos,alta,mesa de ayuda,usuario159@lafortuna.com.co,No puedo entrar al sistema Centrica,Se solicita atencion prioritaria porque afecta la operacion del area y el cierre del periodo.,reabierto,1,duplicado
TK-01140,23-Ago-2025,,Operaciones,viaticos,baja,correo,,Como legalizo los viaticos del viaje a la costa,Se adjunta captura de pantalla del mensaje de error recibido.,reabierto,3,solicitante vacio
TK-00602,13/01/2026,17-Ene-2026,Infraestructura,compras,baja,telefono,usuario037@lafortuna.com.co,Necesito cotizacion para equipos de la bodega,El caso fue reportado por telefono y se registra para trazabilidad.,cerrado,0,duplicado
TK-01618,03-Feb-2025,,Comercial,software,critica,correo,,Necesito que instalen el visor de planos,El solicitante indica que la novedad se presenta de forma intermitente desde hace tres dias.,abierto,0,solicitante vacio
TK-00591,2026-04-05,28-Abr-2026,Operaciones,aplicaciones,alta,mesa de ayuda,usuario010@lafortuna.com.co,Aparece un mensaje de sesion expirada cada cinco minutos,El solicitante indica que la novedad se presenta de forma intermitente desde hace tres dias.,cerrado,0,duplicado
TK-00431,2025-12-15,,sin_area,reportes,alta,telefono,usuario096@lafortuna.com.co,El informe muestra cifras distintas al sistema,El usuario reporta la novedad desde el inicio de la jornada y requiere solucion para continuar con su labor.,reabierto,2,area vacia
TK-00470,2026-03-19,13-Abr-2026,Infraestructura,capacitacion,critica,mesa de ayuda,,Necesito material del curso de la semana pasada,El solicitante indica que la novedad se presenta de forma intermitente desde hace tres dias.,cerrado,0,solicitante vacio
TK-01759,08/06/2026,,Compras,sin_categoria,baja,telefono,usuario035@lafortuna.com.co,Requerimiento del area,El caso fue reportado por telefono y se registra para trazabilidad.,reabierto,2,categoria vacia
TK-01511,22/07/2025,01/09/2025,Compras,incidente,media,mesa de ayuda,,Se cayo el servicio de facturacion,El caso fue reportado por telefono y se registra para trazabilidad.,cerrado,0,solicitante vacio
TK-01127,2025-04-29,07-May-2025,Infraestructura,capacitacion,alta,formulario web,usuario102@lafortuna.com.co,Cuando es la proxima induccion,Se solicita atencion prioritaria porque afecta la operacion del area y el cierre del periodo.,escalado,0,duplicado
TK-00186,09-Jun-2025,,Aplicaciones,aplicaciones,alta,mesa de ayuda,usuario016@lafortuna.com.co,Necesito que instalen el visor de planos,El caso fue reportado por telefono y se registra para trazabilidad.,abierto,0,duplicado
TK-00877,2025-09-20,,Talento Humano,reportes,media,mesa de ayuda,,Solicito exportar el listado a Excel,El solicitante indica que la novedad se presenta de forma intermitente desde hace tres dias.,escalado,0,solicitante vacio
TK-01856,2025-07-07,19-Ago-2025,Infraestructura,sin_categoria,alta,formulario web,usuario147@lafortuna.com.co,Pendiente por definir,Se solicita atencion prioritaria porque afecta la operacion del area y el cierre del periodo.,cerrado,0,categoria vacia
TK-00870,04/04/2025,20/04/2025,Contabilidad,accesos,critica,correo,,Solicito permiso al modulo de cartera,,cerrado,0,solicitante vacio
TK-01156,23/06/2026,20-Jul-2026,Aplicaciones,hardware,critica,formulario,usuario023@lafortuna.com.co,Necesito un monitor adicional para el puesto,Requerimiento remitido por la jefatura del area para gestion.,cerrado,0,duplicado
TK-01495,2025-02-15,,sin_area,software,media,correo,usuario017@lafortuna.com.co,Necesito que instalen el visor de planos,Requerimiento remitido por la jefatura del area para gestion.,abierto,0,area vacia
TK-01295,18-Mar-2025,2025-04-11,Calidad,compras,critica,correo,usuario172@lafortuna.com.co,Como registro un proveedor nuevo,Se adjunta captura de pantalla del mensaje de error recibido.,cerrado,0,duplicado
TK-01789,17/07/2025,,Comercial,sin_categoria,alta,mesa de ayuda,usuario020@lafortuna.com.co,Requerimiento del area,El usuario reporta la novedad desde el inicio de la jornada y requiere solucion para continuar con su labor.,escalado,0,categoria vacia
TK-01944,2026-03-11,07/04/2026,sin_area,aplicaciones,critica,mesa de ayuda,usuario176@lafortuna.com.co,La aplicacion se cierra al generar el informe,Requerimiento remitido por la jefatura del area para gestion.,en_proceso,0,area vacia
TK-00724,2026-01-03,28/01/2026,Infraestructura,sin_categoria,critica,correo,usuario092@lafortuna.com.co,Requerimiento del area,El caso fue reportado por telefono y se registra para trazabilidad.,reabierto,0,categoria vacia
TK-01369,2026-04-20,,Comercial,nomina,media,mesa de ayuda,usuario119@lafortuna.com.co,Diferencia en el pago de horas extras,Se adjunta captura de pantalla del mensaje de error recibido.,en_proceso,0,duplicado
TK-00504,2026-03-04,,Comercial,conectividad,media,telefono,,Sin internet en el segundo piso,Se adjunta captura de pantalla del mensaje de error recibido.,abierto,0,solicitante vacio
TK-01720,10-Dic-2025,,Aplicaciones,hardware,baja,formulario web,,El teclado dejo de responder,El caso fue reportado por telefono y se registra para trazabilidad.,escalado,0,solicitante vacio
TK-01164,2025-12-15,,Contabilidad,sin_clasificar,alta,telefono,,Consulta general,El solicitante indica que la novedad se presenta de forma intermitente desde hace tres dias.,abierto,0,solicitante vacio
TK-01250,26-Dic-2025,26/01/2026,Compras,incidente,alta,correo,,Los usuarios reportan lentitud generalizada,El solicitante indica que la novedad se presenta de forma intermitente desde hace tres dias.,escalado,0,solicitante vacio
TK-00653,31/03/2026,2026-04-16,Compras,sin_categoria,critica,telefono,usuario017@lafortuna.com.co,Pendiente por definir,Se solicita atencion prioritaria porque afecta la operacion del area y el cierre del periodo.,cerrado,1,categoria vacia
TK-01797,12/06/2025,,Contabilidad,software,alta,telefono,usuario144@lafortuna.com.co,Necesito que instalen el visor de planos,,abierto,0,duplicado
TK-01061,14-Ago-2025,,sin_area,software,media,telefono,usuario006@lafortuna.com.co,La aplicacion se cierra al generar el informe,El solicitante indica que la novedad se presenta de forma intermitente desde hace tres dias.,abierto,0,area vacia
TK-01829,14-May-2025,2025-06-12,Compras,sin_categoria,critica,correo,,Solicitud varias,El solicitante indica que la novedad se presenta de forma intermitente desde hace tres dias.,cerrado,0,solicitante vacio; categoria vacia
TK-00346,17-May-2026,,Infraestructura,reportes,alta,telefono,,El reporte no incluye la sede nueva,El caso fue reportado por telefono y se registra para trazabilidad.,abierto,0,solicitante vacio
TK-00384,2025-11-29,11/01/2026,Infraestructura,hardware,critica,formulario web,,Necesito un monitor adicional para el puesto,,reabierto,2,solicitante vacio
TK-01229,2025-04-09,22/04/2025,sin_area,sin_categoria,alta,correo,usuario035@lafortuna.com.co,Pendiente por definir,,en_proceso,0,area vacia; categoria vacia
TK-01319,29-May-2025,,Compras,compras,media,correo,,Necesito cotizacion para equipos de la bodega,,reabierto,2,solicitante vacio
TK-01130,29/05/2026,,Operaciones,vacaciones,media,mesa de ayuda,usuario013@lafortuna.com.co,Cuantos dias tengo acumulados,El caso fue reportado por telefono y se registra para trazabilidad.,abierto,0,duplicado
TK-00460,02-Ene-2026,11/01/2026,Contabilidad,sin_clasificar,critica,mesa de ayuda,usuario161@lafortuna.com.co,Pendiente por definir,,cerrado,0,duplicado
TK-01545,2025-01-20,,Comercial,compras,alta,correo,usuario061@lafortuna.com.co,Necesito cotizacion para equipos de la bodega,El solicitante indica que la novedad se presenta de forma intermitente desde hace tres dias.,abierto,0,duplicado
TK-01587,2026-01-18,,Contabilidad,hardware,critica,mesa de ayuda,,Necesito un monitor adicional para el puesto,El caso fue reportado por telefono y se registra para trazabilidad.,reabierto,3,solicitante vacio
TK-00335,30/05/2026,,sin_area,gestion_de_accesos,critica,mesa de ayuda,usuario041@lafortuna.com.co,Necesito acceso a la carpeta compartida de mi area,Se solicita atencion prioritaria porque afecta la operacion del area y el cierre del periodo.,en_proceso,0,area vacia
TK-00904,2025-04-19,,Calidad,sin_categoria,critica,formulario web,usuario008@lafortuna.com.co,Solicitud varias,Requerimiento remitido por la jefatura del area para gestion.,en_proceso,0,categoria vacia
TK-01834,2025-02-26,,sin_area,accesos,critica,correo,usuario017@lafortuna.com.co,Solicito permiso al modulo de cartera,Requerimiento remitido por la jefatura del area para gestion.,en_proceso,0,area vacia
TK-00977,12-Ene-2025,,Comercial,software,critica,formulario,usuario142@lafortuna.com.co,La version instalada no coincide con la del area,El usuario reporta la novedad desde el inicio de la jornada y requiere solucion para continuar con su labor.,abierto,0,duplicado
TK-01794,17/01/2025,,Contabilidad,reportes,baja,formulario web,,Necesito el reporte de ventas del trimestre,El solicitante indica que la novedad se presenta de forma intermitente desde hace tres dias.,escalado,0,solicitante vacio
TK-01543,14-Ene-2026,,Contabilidad,hardware,baja,correo,,Solicito reposicion de diadema danada,Requerimiento remitido por la jefatura del area para gestion.,reabierto,3,solicitante vacio
TK-00066,2026-02-20,,sin_area,conectividad,media,correo,usuario109@lafortuna.com.co,Sin internet en el segundo piso,Se adjunta captura de pantalla del mensaje de error recibido.,en_proceso,0,area vacia
TK-00877,2025-09-20,,Talento Humano,reportes,media,mesa de ayuda,,Solicito exportar el listado a Excel,El solicitante indica que la novedad se presenta de forma intermitente desde hace tres dias.,escalado,0,solicitante vacio; duplicado
TK-01873,2025-02-25,21-Mar-2025,Compras,software,baja,formulario web,usuario051@lafortuna.com.co,Error al guardar el formulario de ingreso,Requerimiento remitido por la jefatura del area para gestion.,cerrado,0,duplicado
TK-00933,28/12/2025,,Compras,sin_categoria,baja,correo,usuario126@lafortuna.com.co,Consulta general,El solicitante indica que la novedad se presenta de forma intermitente desde hace tres dias.,reabierto,3,categoria vacia
TK-01889,08-Jun-2026,,Compras,aplicaciones,media,correo,,Aparece un mensaje de sesion expirada cada cinco minutos,El caso fue reportado por telefono y se registra para trazabilidad.,en_proceso,0,solicitante vacio
TK-01028,12/01/2025,,Contabilidad,conectividad,media,telefono,,Sin internet en el segundo piso,El solicitante indica que la novedad se presenta de forma intermitente desde hace tres dias.,reabierto,1,solicitante vacio
TK-00042,20-Ago-2025,2025-10-03,Talento Humano,hardware,baja,telefono,usuario065@lafortuna.com.co,La impresora de la sede norte imprime rayada,El caso fue reportado por telefono y se registra para trazabilidad.,en_proceso,0,duplicado
TK-00144,19-Mar-2026,,Compras,aplicaciones,media,correo,,La aplicacion se cierra al generar el informe,,escalado,0,solicitante vacio
TK-01265,24-Jun-2025,25/06/2025,Compras,software,baja,formulario web,usuario009@lafortuna.com.co,Aparece un mensaje de sesion expirada cada cinco minutos,,cerrado,0,duplicado
TK-01682,18-Dic-2025,,Infraestructura,sin_categoria,critica,formulario,usuario061@lafortuna.com.co,Requerimiento del area,Se solicita atencion prioritaria porque afecta la operacion del area y el cierre del periodo.,abierto,0,categoria vacia
TK-00073,01-Feb-2025,14/02/2025,Infraestructura,compras,baja,formulario web,,El proveedor no ha entregado lo solicitado,El usuario reporta la novedad desde el inicio de la jornada y requiere solucion para continuar con su labor.,escalado,0,solicitante vacio
TK-00883,2026-05-22,,Calidad,accesos,alta,formulario,usuario069@lafortuna.com.co,Se bloqueo mi usuario tras varios intentos,Requerimiento remitido por la jefatura del area para gestion.,abierto,0,duplicado
